word,word_onsets,word_offsets,boundary,agreement
i,15.015000076904297,15.31499994506836,,
began,15.165000010986327,15.49499993774414,,
my,15.44500001953125,15.70499998901367,,
illustrious,15.70499998901367,16.324999943847654,,
career,16.275000025634764,16.894999980468747,,
in,17.144999930419917,17.25499996582031,,
journalism,17.20500004760742,17.914999998779297,,
in,18.48500003540039,18.59500007080078,,
the,18.59500007080078,18.65500000854492,,
bronx,18.65500000854492,19.225000045166013,,
where,19.225000045166013,19.3649999597168,,
i,19.3649999597168,19.485000014648435,,
toiled,19.485000014648435,20.15500006713867,,
as,20.37499995849609,20.484999993896484,,
a,20.484999993896484,20.515000052490237,,
hard,20.515000052490237,20.875000037841797,,
boiled,20.875000037841797,21.145000026855467,,
reporter,21.145000026855467,21.995000072021483,,
for,22.11499994750976,22.235000002441407,,
the,22.235000002441407,22.324999998779298,,
ram,22.324999998779298,22.744999921875,,
the,23.93499991333008,24.044999948730467,,
student,24.044999948730467,24.66500008300781,,
newspaper,24.66500008300781,25.275000018310543,,
at,25.275000018310543,25.385000053710936,,
fordham,25.385000053710936,25.7049999609375,,
university,25.7049999609375,26.35499997436523,1.0,0.2292682926829268
and,27.094999984130855,27.205000019531248,,
one,27.205000019531248,27.34499993408203,,
day,27.34499993408203,27.49500004760742,,
im,27.49500004760742,27.60500008300781,,
walking,27.60500008300781,27.86500005249023,,
toward,27.86500005249023,28.03500002563476,,
the,28.03500002563476,28.094999963378903,,
campus,28.094999963378903,28.435000089111323,,
center,28.435000089111323,28.795000074462887,,
and,28.97500006713867,29.1450000402832,,
out,29.1450000402832,29.31500001342773,,
comes,29.31500001342773,29.585000002441404,,
the,29.585000002441404,29.70500005737304,,
elusive,29.70500005737304,30.41500000854492,,
dean,30.64499991943359,30.98500004516601,,
mcgowan,30.98500004516601,31.625000039062492,,
architect,32.32499997070312,32.82500005004883,,
of,32.82500005004883,32.91500004638672,,
a,32.91500004638672,32.95499994506835,,
policy,32.95499994506835,33.75500007202148,,
to,34.07499997924805,34.21500007324218,,
replace,34.21500007324218,34.69499993408203,,
fordham,34.69499993408203,35.21500005249023,,
traditionally,35.21500005249023,36.08499995727539,,
working,36.4549999621582,37.0450000378418,,
to,37.0450000378418,37.14500005371093,,
middle,37.14500005371093,37.3749999645996,,
class,37.3749999645996,37.68500003173828,,
students,37.68500003173828,38.28499994750976,,
with,38.775000007324216,39.23500000854492,,
wealthier,39.23500000854492,39.8349999243164,,
more,39.8349999243164,40.03499995605468,,
prestigious,40.03499995605468,40.65499991088867,,
ones,40.65499991088867,41.24499998657227,1.0,0.3170731707317073
so,42.21500008666992,42.38500005981445,,
i,42.38500005981445,42.44499999755859,,
whip,42.44499999755859,42.65500004882812,,
out,42.65500004882812,42.75500006469726,,
my,42.75500006469726,42.86499992065429,,
notebook,42.86499992065429,43.20500004638672,,
and,43.20500004638672,43.29500004272461,,
i,43.29500004272461,43.334999941406245,,
go,43.3850000390625,43.54499999267578,,
up,43.49500007446289,43.594999910888674,,
to,43.594999910888674,43.73500000488281,,
him,43.73500000488281,43.8450000402832,,
and,43.8450000402832,43.93500003662109,,
i,43.93500003662109,43.96499991577148,,
say,43.96499991577148,44.18499998657226,,
dean,44.22500006469726,44.41500007690429,,
mcgowan,44.41500007690429,44.92499999633788,,
is,45.464999974365234,45.61500008789062,,
it,45.61500008789062,45.685000045166014,,
true,45.685000045166014,46.10499996826172,,
that,46.10499996826172,46.215000003662105,,
fordham,46.215000003662105,46.534999910888665,,
university,46.534999910888665,47.02499997070312,,
plans,47.02499997070312,47.31499999877929,,
to,47.31499999877929,47.44500007324218,,
raise,47.44500007324218,47.7250000817871,,
tuition,47.7250000817871,48.12499996582031,,
substantially,48.12499996582031,48.85499995605469,,
above,48.85499995605469,49.065000007324215,,
the,49.065000007324215,49.175000042724605,,
inflation,49.175000042724605,49.6649999230957,,
rate,49.6649999230957,49.91500005249023,,
and,50.09500004516601,50.21499992065429,,
if,50.21499992065429,50.30499991699218,,
so,50.30499991699218,50.92500005126953,,
wouldnt,51.1349999230957,51.43499997070312,,
that,51.43499997070312,51.54500000610352,,
be,51.54500000610352,51.6350000024414,,
a,51.6350000024414,51.66500006103515,,
betrayal,51.66500006103515,52.234999918212885,,
of,52.234999918212885,52.32499991455077,,
its,52.32499991455077,52.46500000854492,,
mission,52.46500000854492,52.95500006835937,1.0,0.3219512195121951
and,54.744999975585934,54.85500001098632,,
he,54.85500001098632,54.92499996826172,,
stops,54.92499996826172,55.52500006347656,,
and,55.52500006347656,55.64499993896484,,
looks,55.64499993896484,55.84499997070312,,
at,55.84499997070312,55.90500008789062,,
me,55.90500008789062,56.26500007324218,,
and,57.02499994262695,57.28499991210937,,
he,57.20499993530273,57.34500002929687,,
says,57.26500005249023,57.82500006958007,,
listen,58.66499991577148,58.90500002563476,,
up,58.90500002563476,59.08500001831055,,
punk,59.08500001831055,59.5149999609375,,
and,59.835000047607416,59.99500000122069,,
right,59.99500000122069,60.24499995117186,,
then,60.24499995117186,60.58500007690429,,
theres,60.58500007690429,60.79499994873046,,
a,60.79499994873046,60.82500000732422,,
blur,60.82500000732422,61.69499991210937,,
in,61.83500000610351,61.9450000415039,,
the,61.9450000415039,62.00499997924804,,
corner,62.00499997924804,62.26499994873047,,
of,62.26499994873047,62.32500006591796,,
my,62.32500006591796,62.4950000390625,,
eye,62.4950000390625,62.64499997314452,,
which,62.64499997314452,62.81499994628906,,
becomes,62.81499994628906,63.245000068359374,,
this,63.245000068359374,63.52500007690429,,
figure,63.52500007690429,64.32500002441405,,
holding,64.58499999389649,64.9750000378418,,
a,64.9750000378418,65.03499997558593,,
cream,65.03499997558593,65.35500006225585,,
pie,65.35500006225585,65.70500002807617,,
which,65.70500002807617,65.90500005981444,,
becomes,65.90500005981444,66.3149999633789,,
the,66.3149999633789,66.39499994018554,,
guy,66.39499994018554,67.09500005126952,,
standing,67.28500006347656,67.89499999877928,,
next,67.89499999877928,68.16499998779297,,
to,68.16499998779297,68.2650000036621,,
me,68.2650000036621,68.66500006713866,,
mashing,69.02500005249023,69.67500006591796,,
a,69.67500006591796,69.72499998413086,,
cream,69.72499998413086,70.11500002807617,,
pie,70.11500002807617,70.56500000976563,,
into,70.56500000976563,70.75500002197265,,
dean,70.75500002197265,71.01499999145507,,
mcgowans,71.01499999145507,71.48500001220702,,
face,71.48500001220702,72.01499997070312,1.0,0.3073170731707317
and,73.60500002563477,73.89500005371093,,
and,73.94499997192382,74.11499994506835,,
then,74.11499994506835,74.22499998046874,,
runs,74.22499998046874,74.52500002807616,,
away,74.52500002807616,74.82500007568359,,
and,77.4950000866699,77.66500005981445,,
the,77.66500005981445,77.94500006835936,,
dean,77.94500006835936,78.58500006225584,,
is,78.84500003173828,79.20500001708983,,
covered,79.20500001708983,79.5249999243164,,
with,79.5249999243164,79.64499997924804,,
cream,79.64499997924804,80.0250000036621,,
so,82.30499997070311,82.5050000024414,,
i,82.5050000024414,82.5450000805664,,
give,82.5450000805664,82.72500007324219,,
him,82.72500007324219,82.82500008911131,,
a,82.82500008911131,82.85499996826171,,
moment,82.85499996826171,83.37500008666991,,
and,85.53499999877928,85.7949999682617,,
then,85.63500001464843,85.74500005004882,,
i,85.74500005004882,85.82500002685546,,
say,85.82500002685546,86.06499995727538,,
dean,86.06499995727538,86.24499994995116,,
mcgowan,86.24499994995116,86.69499993164062,,
would,86.69499993164062,86.845000045166,,
you,86.845000045166,86.9150000024414,,
care,86.9150000024414,87.09499999511718,,
to,87.09499999511718,87.17499997192382,,
comment,87.17499997192382,87.71499994995116,,
on,87.71499994995116,87.79499992675781,,
this,87.79499992675781,87.9450000402832,,
latest,87.9450000402832,88.24500008789062,,
attack,88.24500008789062,88.56499999511718,,
and,91.834999921875,92.03499995361328,,
the,91.95499997680665,92.02499993408205,,
dean,92.02499993408205,92.23499998535156,,
say,92.23499998535156,92.40499995849608,,
yes,92.47499991577148,93.2050000854492,,
i,93.58499993041993,93.69499996582032,,
would,93.69499996582032,93.79499998168944,,
care,93.79499998168944,93.95499993530272,,
to,93.95499993530272,94.01500005249022,,
comment,94.01500005249022,94.51499995239256,,
fuck,95.1649999658203,95.76500006103517,,
you,95.80499995971678,96.28499999999998,1.0,0.3414634146341463
so,98.22500002075196,98.38499997436524,,
i,98.38499997436524,98.44499991210937,,
race,98.44499991210937,98.79500005737304,,
back,98.79500005737304,98.93499997192382,,
to,98.93499997192382,99.05500002685548,,
the,99.05500002685548,99.12499998413084,,
newsroom,99.12499998413084,99.5950000048828,,
with,99.5950000048828,99.7050000402832,,
my,99.7349999194336,99.83499993530272,,
scoop,99.83499993530272,100.6050000036621,,
and,100.87499999267575,101.03499994628903,,
i,101.00500006713868,101.35500003295896,,
and,101.35500003295896,101.46500006835936,,
i,101.46500006835936,101.49499994750975,,
find,101.49499994750975,101.73500005737304,,
the,101.73500005737304,101.85499993286132,,
editor,101.85499993286132,102.47500006713864,,
jim,102.56500006347656,102.80499999389647,,
dwyer,102.80499999389647,103.19500003784178,,
whos,103.19500003784178,103.33499995239256,,
a,103.33499995239256,103.36500001098632,,
senior,103.36500001098632,103.91500000854492,,
and,104.47500002563476,104.65500001831052,,
he,104.65500001831052,104.78499991333008,,
will,104.78499991333008,104.91499998779295,,
go,104.91499998779295,105.04500006225584,,
on,105.04500006225584,105.25499993408202,,
to,105.25499993408202,105.3649999694824,,
win,105.3649999694824,105.4750000048828,,
a,105.4750000048828,105.50500006347656,,
pulitzer,105.50500006347656,105.81499995117188,,
prize,105.81499995117188,106.26499993286131,,
that,106.26499993286131,106.44499992553708,,
is,106.44499992553708,106.615000078125,,
true,106.615000078125,106.9450000048828,,
and,107.85499998779297,108.27499991088868,,
hes,108.17500007446289,108.4550000830078,,
a,108.3749999267578,108.40499998535157,,
big,108.40499998535157,108.81500006835935,,
guy,108.73499991210936,109.20499993286133,,
i,109.20499993286133,109.32499998779296,,
pitch,109.32499998779296,109.57499993774412,,
him,109.57499993774412,109.64500007446289,,
my,109.64500007446289,109.75499993041991,,
story,109.75499993041991,110.14499997436522,,
i,110.14499997436522,110.20499991210936,,
tell,110.20499991210936,110.44500002197265,,
him,110.44500002197265,110.5450000378418,,
what,110.5450000378418,110.66499991333006,,
ive,110.66499991333006,110.7649999291992,,
seen,110.7649999291992,111.25499998901368,,
and,111.84500006469726,111.99499999877928,,
he,111.99499999877928,112.09500001464843,,
says,112.09500001464843,112.48500005859374,,
dean,113.3750000024414,113.57500003417968,,
mcgowan,113.57500003417968,114.10499999267576,,
that,114.4250000793457,115.3250000427246,,
guys,115.24500006591796,115.46499995727538,,
a,115.46499995727538,115.50500003540036,,
dick,115.62499991088866,116.06500005249022,,
write,116.06500005249022,116.29499996337888,,
it,116.29499996337888,116.40499999877927,,
up,116.40499999877927,116.96500001586912,1.0,0.3268292682926829
so,118.05499999145506,118.23499998413084,,
im,118.23499998413084,118.37500007812498,,
banging,118.37500007812498,118.65500008666992,,
out,118.65500008666992,118.7450000830078,,
my,118.7450000830078,118.8449999194336,,
story,118.8449999194336,119.22499994384764,,
and,119.22499994384764,119.31499994018554,,
i,119.31499994018554,119.38500007690428,,
know,119.38500007690428,119.6650000854492,,
its,119.6650000854492,119.85499991821288,,
good,119.85499991821288,120.12500008666991,,
and,120.55500002929686,120.67500008422851,,
then,120.67500008422851,120.78499994018554,,
i,120.78499994018554,120.81499999877929,,
start,120.89499997558592,121.35499997680662,,
to,121.3850000354004,121.49500007080076,,
make,121.49500007080076,121.80499995849608,,
it,121.80499995849608,121.94500005249024,,
better,122.85500003540038,123.21500002075194,1.0,0.1756097560975609
by,126.13499998168945,126.25500003662108,,
adding,126.25500003662108,126.55500008422852,,
an,126.55500008422852,126.66499994018557,,
element,126.66499994018557,127.16500001953123,,
of,127.40499994995116,127.53500002441406,,
embellishment,127.53500002441406,128.1249999206543,,
reporters,129.27500001342773,129.83500003051756,,
call,129.83500003051756,130.17499997680665,,
this,130.17499997680665,130.76500005249022,,
making,131.27499997192382,131.755000012207,,
shit,131.755000012207,132.0949999584961,,
up,132.0949999584961,132.33500006835936,1.0,0.2634146341463415
and,135.52500001831052,135.66499993286132,,
they,135.66499993286132,135.7950000073242,,
recommend,135.7950000073242,136.52499999755858,,
against,136.60499997436523,137.3550000036621,,
crossing,137.3550000036621,137.7749999267578,,
that,137.7749999267578,137.93500005981443,,
line,137.93500005981443,138.3150000842285,,
but,139.98499993652342,140.19499998779295,,
i,140.19499998779295,140.3350000817871,,
had,140.3350000817871,140.49500003540038,,
just,140.49500003540038,140.72499994628905,,
seen,140.72499994628905,141.1450000488281,,
the,141.44499991699217,141.61500006958008,,
line,141.61500006958008,142.07500007080077,,
crossed,142.07500007080077,142.64499992797852,,
between,142.64499992797852,143.08500006958008,,
a,143.08500006958008,143.17500006591797,,
high,143.17500006591797,143.3949999572754,,
powered,143.3949999572754,143.6950000048828,,
dean,143.6950000048828,144.18500006469725,,
and,144.58499994873046,144.7250000427246,,
assault,144.7250000427246,145.02499991088865,,
with,145.02499991088865,145.1449999658203,,
a,145.1449999658203,145.17500002441406,,
pastry,145.17500002441406,145.83500005737304,,
and,146.8550000756836,146.97499995117187,1.0,0.1365853658536585
i,146.97499995117187,147.03500006835935,,
kind,147.03500006835935,147.28500001831054,,
of,147.28500001831054,147.35499997558594,,
liked,147.35499997558594,147.65500002319334,,
it,147.65500002319334,147.77500007812498,,
so,148.77500005737303,148.91499997192383,,
the,148.91499997192383,148.99499994873045,,
first,148.99499994873045,149.27499995727538,,
thing,149.27499995727538,149.4850000085449,,
i,149.27499995727538,149.40500003173827,,
did,149.4850000085449,149.79500007568356,,
was,150.39499999145505,150.5150000463867,,
i,150.5150000463867,150.55499994506835,,
gave,150.63499992187496,150.76499999633788,,
the,150.76499999633788,150.824999934082,,
figure,150.824999934082,151.2450000366211,,
a,151.2450000366211,151.27499991577147,,
name,151.27499991577147,151.88500003051757,,
i,152.1349999804687,152.21499995727538,,
called,152.21499995727538,152.4250000085449,,
him,152.4250000085449,152.52500002441406,,
pie,152.52500002441406,152.8449999316406,,
man,152.8449999316406,153.13499995971677,,
capital,153.13499995971677,153.46500006591796,,
p,153.46500006591796,153.8950000085449,,
capital,153.9850000048828,154.38500006835935,,
m,154.38500006835935,154.7049999755859,,
and,155.50499992309568,155.65500003662106,,
i,155.65500003662106,155.69499993530272,,
described,155.69499993530272,156.18499999511715,,
him,156.18499999511715,156.28500001098632,,
as,156.28500001098632,156.40500006591793,,
a,156.40500006591793,156.43499994506834,,
cape,156.43499994506834,156.8149999694824,,
wearing,156.8149999694824,157.20500001342774,,
masked,157.20500001342774,157.7950000891113,,
avenger,157.7950000891113,158.40500002441405,,
though,159.9349999621582,159.9950000793457,,
in,159.92499994262693,160.07500005615233,,
fact,160.07500005615233,160.34500004516602,,
hed,160.34500004516602,160.4649999206543,,
been,160.4649999206543,160.60500001464845,,
capeless,160.60500001464845,161.2650000476074,,
and,162.0249999169922,162.14499997192382,,
i,162.14499997192382,162.17500003051757,,
said,162.17500003051757,162.3650000427246,,
that,162.3650000427246,162.475000078125,,
as,162.475000078125,162.57499991455077,,
he,162.57499991455077,162.65500007080078,,
fled,162.65500007080078,162.95499993896482,,
the,162.95499993896482,163.01500005615233,,
scene,163.01500005615233,163.60499995239255,,
he,163.97499995727537,164.1449999304199,,
clicked,164.1449999304199,164.524999954834,,
his,164.524999954834,164.70499994750975,,
heels,164.70499994750975,165.20500002685546,,
in,165.20500002685546,165.3250000817871,,
rakish,165.3250000817871,165.68500006713867,,
glee,165.68500006713867,166.05500007202147,,
and,169.20499994384764,169.31499997924803,,
i,169.31499997924803,169.34500003784177,,
gave,169.34500003784177,169.61500002685543,,
him,169.61500002685543,169.70500002319335,,
a,169.70500002319335,169.74499992187498,,
catchphrase,169.74499992187498,170.71500002197263,,
in,171.6450000439453,171.81500001708983,,
latin,171.81500001708983,172.24499995971678,,
i,175.6950000585937,175.75499999633786,,
said,175.75499999633786,175.96500004760742,,
that,175.96500004760742,176.06500006347656,,
he,176.06500006347656,176.1250000012207,,
cried,176.1250000012207,176.515000045166,,
out,176.515000045166,176.85499999145506,,
ego,177.21499997680664,177.60500002075193,,
sum,177.60500002075193,178.28499991333007,,
non,178.5849999609375,179.05499998168943,,
an,179.05499998168943,179.53500002197262,,
bestia,179.53500002197262,180.28500005126952,,
which,181.75500005126952,181.94500006347656,,
means,181.94500006347656,182.2449999316406,,
i,182.2449999316406,182.98499994140624,,
am,182.98499994140624,183.17499995361325,,
not,183.17499995361325,183.6449999743652,,
an,183.78500006835932,183.99499994018552,,
animal,183.99499994018552,184.8050000866699,1.0,0.224390243902439
which,186.14500001220705,186.40499998168943,,
makes,186.40499998168943,186.85499996337887,,
no,186.9649999987793,187.34500002319336,,
sense,187.34500002319336,188.02499991577147,,
i,189.8550000805664,189.97499995605463,,
needed,189.97499995605463,190.2549999645996,,
something,190.2549999645996,190.8650000793457,,
im,191.5149999133301,191.7049999255371,,
catholic,191.7049999255371,192.30500002075192,,
latin,192.30500002075192,192.63499994750973,,
just,192.63499994750973,192.87500005737303,,
comes,192.87500005737303,193.1149999877929,,
to,193.1149999877929,193.21500000366208,,
me,193.21500000366208,193.42500005493164,1.0,0.2048780487804878
so,195.43500003295892,195.584999967041,,
i,195.584999967041,195.625000045166,,
finish,195.625000045166,195.9349999328613,,
my,195.9349999328613,196.0249999291992,,
story,196.0249999291992,196.44500003173823,,
and,196.60499998535155,196.71500002075197,,
i,196.71500002075197,196.7450000793457,,
hand,196.7450000793457,196.9649999707031,,
it,196.9649999707031,197.02500008789065,,
to,197.02500008789065,197.1349999438476,,
dwyer,197.1349999438476,197.61499998413083,,
and,197.73500003906247,197.8250000354004,,
he,197.8250000354004,197.91500003173823,,
reads,197.91500003173823,198.1950000402832,,
and,198.1950000402832,198.2950000561523,,
he,198.2950000561523,198.40499991210936,,
says,198.40499991210936,198.7749999169922,,
pie,199.4050000708008,199.68500007934568,,
man,199.68500007934568,200.18499997924803,,
i,201.07499992309567,201.21500001708984,,
love,201.21500001708984,201.505000045166,,
it,201.505000045166,201.69500005737305,,
page,201.69500005737305,202.0550000427246,,
one,202.0550000427246,202.41500002807612,1.0,0.2292682926829268
and,204.5649999206543,204.75499993286127,,
thats,204.75499993286127,205.3249999694824,,
how,205.4650000634765,205.61499999755856,,
the,205.61499999755856,205.684999954834,,
first,205.684999954834,206.11500007690427,,
line,206.11500007690427,206.575000078125,,
got,206.9250000439453,207.13499991577143,,
crossed,207.13499991577143,207.6949999328613,1.0,0.3609756097560975
a,209.39500002319332,209.665000012207,,
few,209.54499995727537,209.74499998901365,,
days,209.74499998901365,209.9550000402832,,
later,209.9550000402832,210.2150000097656,,
i,210.2150000097656,210.24500006835936,,
get,210.24500006835936,210.38499998291013,,
a,210.38499998291013,210.41500004150387,,
letter,210.41500004150387,210.85500000366207,,
it,212.01499993652345,212.1550000305176,,
says,212.1550000305176,212.45500007812495,,
dear,212.45500007812495,212.63500007080077,,
jim,212.63500007080077,212.94499995849608,,
good,213.5149999951172,213.65500008911133,,
story,213.65500008911133,214.19500006713864,,
nice,214.28500006347653,214.6450000488281,,
details,214.6849999475097,215.55500003173827,,
if,216.33499994018555,216.4549999951172,,
you,216.4549999951172,216.5950000891113,,
want,216.5950000891113,216.77500008178708,,
to,216.77500008178708,216.84500003906248,,
see,216.84500003906248,217.1250000476074,,
me,217.1250000476074,217.36499997802733,,
again,217.36499997802733,218.0049999719238,,
in,218.0049999719238,218.1849999645996,,
action,218.1849999645996,218.75500000122068,,
be,219.59500002685544,219.73499994140624,,
on,219.73499994140624,219.84499997680663,,
the,219.84499997680663,219.9049999145508,,
steps,219.9049999145508,220.29499995849608,,
of,220.29499995849608,220.40499999389647,,
duane,220.40499999389647,220.7050000415039,,
library,220.7050000415039,221.2849999182129,,
tuesday,221.2849999182129,222.00500006835935,,
at,222.00500006835935,222.16500002197265,,
three,222.16500002197265,222.40499995239256,,
oclock,222.40499995239256,222.87499997314453,,
signed,224.0850000036621,224.8250000134277,,
pie,225.3750000109863,225.685000078125,,
man,225.685000078125,225.9650000866699,1.0,0.2780487804878049
so,229.1450000170898,229.3250000097656,,
i,229.3250000097656,229.4649999243164,,
was,229.4649999243164,229.6749999755859,,
there,229.6749999755859,230.3249999890137,,
with,230.9750000024414,231.09500005737303,,
a,231.09500005737303,231.1249999365234,,
photographer,231.1249999365234,231.77499994995117,,
from,231.77499994995117,231.97499998168945,,
the,231.97499998168945,232.0349999194336,,
ram,232.0349999194336,232.52499997924804,,
and,233.2349999304199,233.3650000048828,,
sure,233.3650000048828,233.5550000170898,,
enough,233.5550000170898,233.8949999633789,,
out,234.27499998779297,234.43499994140623,,
comes,234.43499994140623,234.70499993041992,,
sheila,234.70499993041992,235.1350000524902,,
beale,235.1350000524902,235.63499995239255,,
student,235.9049999414062,236.3350000634765,,
body,236.3350000634765,236.61500007202147,,
president,236.61500007202147,237.25500006591795,,
and,238.1349999902344,238.27500008422848,,
now,238.27500008422848,238.33500002197263,,
sheila,238.33500002197263,238.6749999682617,,
was,238.6749999682617,238.915000078125,,
different,238.915000078125,239.22499996582027,,
from,239.22499996582027,239.42499999755856,,
me,239.42499999755856,240.04499995239252,,
and,240.42499997680665,240.61499998901365,,
all,240.61499998901365,240.84500007934568,,
the,240.84500007934568,240.95499993530268,,
other,240.95499993530268,241.0749999902344,,
fordham,241.0749999902344,241.4750000537109,,
students,241.4750000537109,241.87499993774412,,
who,241.87499993774412,241.964999934082,,
wore,241.964999934082,242.13500008666992,,
flannel,242.13500008666992,242.5750000488281,,
shirts,242.5750000488281,242.9749999328613,,
and,242.9749999328613,243.0849999682617,,
worked,243.0849999682617,243.3449999377441,,
part,243.3449999377441,243.5249999304199,,
time,243.5249999304199,243.755000020752,,
jobs,243.755000020752,244.21500002197263,,
sheila,244.945000012207,245.41500003295891,,
was,245.41500003295891,245.9650000305176,,
well,246.1949999414062,246.51500002807612,,
bred,246.51500002807612,247.1149999438477,,
sheila,247.46500008911133,247.82500007446285,,
had,247.82500007446285,248.32499997436523,,
school,248.5250000061035,249.04499994506835,,
spirit,249.04499994506835,249.7049999780273,,
sheila,251.77500007324213,252.11500001953124,,
was,252.11500001953124,252.25499993408204,,
the,252.25499993408204,252.3250000708008,,
kind,252.3250000708008,252.5349999426269,,
of,252.5349999426269,252.59500005981445,,
student,252.59500005981445,252.91499996704096,,
that,252.91499996704096,253.0450000415039,,
dean,253.0450000415039,253.2150000146484,,
mcgowan,253.2150000146484,253.61500007812495,,
wanted,253.61500007812495,253.8950000866699,,
more,253.8950000866699,254.22500001342772,,
of,254.22500001342772,254.4450000842285,,
although,255.8750000061035,256.2550000305176,,
rumor,256.2550000305176,256.57499993774417,,
had,256.57499993774417,256.8850000048828,,
it,256.8850000048828,257.134999954834,,
that,257.134999954834,257.2850000683593,,
he,257.2850000683593,257.40499994384766,,
got,257.40499994384766,257.59499995605466,,
plenty,257.59499995605466,257.89500000366206,,
of,257.89500000366206,258.025000078125,,
her,258.025000078125,258.44500000122065,,
in,258.44500000122065,258.5750000756836,,
his,258.5750000756836,258.7350000292968,,
office,258.7350000292968,259.4249999414062,,
on,259.46500001953126,259.6149999536133,,
his,259.6149999536133,259.7750000866699,,
desk,259.7750000866699,260.2749999865722,,
oh,260.0350000561523,261.775000045166,,
but,262.31500002319336,262.52500007446287,,
thats,262.3649999414062,262.5749999926757,,
just,262.5749999926757,262.7549999853516,,
a,262.7549999853516,262.7950000634765,,
rumor,262.7950000634765,263.05500003295896,,
please,263.05500003295896,263.34500006103514,,
do,263.34500006103514,263.44500007690425,,
not,263.44500007690425,263.64499992919923,,
spread,263.64499992919923,263.9349999572754,,
it,263.9349999572754,264.1750000671387,,
outside,264.1750000671387,264.5150000134277,,
this,264.5150000134277,264.7050000256348,,
room,264.7050000256348,265.0549999914551,,
i,266.2249999438476,266.3149999401855,,
myself,266.2249999438476,266.65500006591793,,
would,266.65500006591793,266.77499994140624,,
never,266.77499994140624,267.07499998901363,,
say,267.07499998901363,267.31499991943355,,
that,267.31499991943355,268.2250000817871,1.0,0.2829268292682926
but,268.5349999694824,268.66500004394527,,
the,268.66500004394527,268.7249999816894,,
fact,268.7249999816894,269.09499998657225,,
was,269.09499998657225,269.4549999719238,,
sheila,269.61499992553706,269.99499994995114,,
had,269.99499994995114,270.1550000830078,,
collaborated,270.1550000830078,270.8249999560547,,
with,270.8249999560547,270.94500001098635,,
the,270.94500001098635,271.0049999487305,,
dean,271.0049999487305,271.5050000280761,,
to,271.834999954834,271.94499999023435,,
ban,271.94499999023435,272.535000065918,,
outdoor,272.5749999645996,273.1149999426269,,
drinking,273.1149999426269,273.5849999633789,,
on,273.5849999633789,273.7950000146484,,
campus,273.7950000146484,274.4450000280761,,
the,274.80500001342773,274.9449999279785,,
infamous,274.9449999279785,275.43499998779293,,
no,275.4450000073241,275.67499991821285,,
more,275.67499991821285,275.9350000671386,,
beer,275.9350000671386,276.4650000256347,,
at,276.4650000256347,276.6149999597168,,
barbecues,276.6149999597168,277.1549999377441,,
rule,277.1549999377441,277.41500008666986,,
thats,277.49500006347654,277.69499991577146,,
right,277.69499991577146,278.00499998291014,,
boo,278.00499998291014,278.1849999755859,,
that,278.1849999755859,278.3449999291992,,
rule,278.3449999291992,278.7449999926758,1.0,0.2439024390243902
sheila,281.4049999841308,281.7150000512695,,
thought,281.7150000512695,281.9850000402832,,
drinking,281.9850000402832,282.2650000488281,,
in,282.2650000488281,282.355000045166,,
public,282.355000045166,282.8950000231933,,
was,283.2349999694824,283.40499994262694,,
in,283.40499994262694,283.50499995849606,,
poor,283.50499995849606,283.8749999633789,,
taste,283.8749999633789,284.4550000195312,,
i,286.4050000598144,286.4950000561523,,
think,286.4950000561523,286.7550000256348,,
you,286.7550000256348,286.8550000415039,,
know,286.8550000415039,287.425000078125,,
what,287.425000078125,287.6249999304199,,
happened,287.6249999304199,288.0149999743652,,
next,288.0149999743652,288.47499997558594,1.0,0.2
pie,290.1650000463867,290.474999934082,,
man,290.474999934082,290.6749999658203,,
emerged,290.6749999658203,291.2949999206543,,
from,292.03499993042,292.21499992309566,,
behind,292.21499992309566,292.4750000720215,,
the,292.4750000720215,292.5350000097656,,
late,292.5350000097656,292.8849999755859,,
night,292.8849999755859,293.1950000427246,,
library,293.1950000427246,293.64500002441406,,
drop,293.64500002441406,293.9949999902343,,
box,293.9949999902343,294.4249999328613,,
made,294.75500003906245,294.98499994995115,,
his,294.98499994995115,295.1749999621581,,
delivery,295.1749999621581,295.7550000183105,,
and,296.0049999682617,296.1150000036621,,
fled,296.1150000036621,296.3849999926758,,
away,296.3849999926758,296.75499999755857,,
crying,297.85499999267574,298.3749999316406,,
ego,298.5150000256347,298.8850000305175,,
sum,298.8850000305175,299.5849999621582,,
non,299.77499997436524,300.1249999401855,,
an,300.28500007324214,300.5049999645996,,
bestia,300.55500006225583,301.1850000366211,1.0,0.1853658536585365
or,303.6750000549316,304.24499991210934,,
at,304.24499991210934,304.4250000842285,,
least,304.4250000842285,304.6249999365234,,
thats,304.6249999365234,304.8450000073242,,
what,304.8450000073242,304.96500006225585,,
it,304.96500006225585,305.0350000195312,,
said,305.0350000195312,305.2749999499511,,
in,305.2749999499511,305.364999946289,,
my,305.364999946289,305.5349999194336,,
story,305.5349999194336,305.875000045166,,
in,305.875000045166,305.94500000244136,,
the,305.94500000244136,306.0049999401855,,
newspaper,306.0049999401855,306.495,,
the,306.495,306.58499999633784,,
next,306.58499999633784,306.83499994628903,,
day,306.83499994628903,307.114999954834,1.0,0.2097560975609756
which,308.2450000085449,308.54500005615233,,
ran,308.54500005615233,308.815000045166,,
with,308.815000045166,308.9549999597168,,
a,308.9549999597168,308.9850000183105,,
photo,308.9850000183105,309.89500000122064,,
of,309.89500000122064,310.0649999743652,,
him,310.0649999743652,310.48500007690427,,
leaving,310.99499999633787,311.39500005981444,,
the,311.39500005981444,311.45499999755856,,
scene,311.45499999755856,311.8949999597168,,
cape,311.8949999597168,312.3850000195312,,
flowing,312.3850000195312,312.8249999816894,,
behind,312.8249999816894,313.26499994384767,,
him,313.26499994384767,313.5750000109863,,
doing,313.8149999414062,314.11499998901365,,
this,314.11499998901365,314.50500003295895,,
ns,315.31499999999994,316.2949999401856,1.0,0.1463414634146341
and,317.4749999121093,317.6849999633789,,
thats,317.6849999633789,318.2449999804687,,
what,318.3650000354004,318.5049999499512,,
made,318.5049999499512,318.74500005981446,,
him,318.74500005981446,318.88499997436526,,
a,318.88499997436526,318.915000032959,,
sensation,318.915000032959,319.88499995361326,,
on,319.95499991088866,320.15499994262694,,
campus,320.15499994262694,320.7049999401855,,
people,321.1050000036621,321.3349999145508,,
started,321.3349999145508,321.62499994262697,,
dressing,321.62499994262697,322.0849999438476,,
like,322.0849999438476,322.30500001464844,,
him,322.30500001464844,322.5950000427246,,
and,322.5950000427246,322.86500003173825,,
and,322.7050000781249,323.26499991577145,,
quoting,323.2949999743652,323.6449999401855,,
him,323.6449999401855,323.8050000732422,,
in,323.8050000732422,323.92499994873043,,
class,323.92499994873043,324.4450000671386,,
the,324.9249999279785,325.00500008422847,,
ram,325.00500008422847,325.39499994873046,,
ran,325.39499994873046,325.57499994140625,,
five,325.57499994140625,326.0150000830078,,
major,326.0150000830078,326.26500003295894,,
stories,326.26500003295894,326.6749999365234,,
about,326.6749999365234,326.86499994873043,,
pie,326.86499994873043,327.0850000195312,,
man,327.0850000195312,327.3550000085449,,
all,327.5949999389648,327.8150000097656,,
of,327.8150000097656,327.89499998657226,,
them,327.89499998657226,328.0649999597168,,
by,328.0649999597168,328.2449999523925,,
me,328.2449999523925,328.46500002319334,1.0,0.2536585365853658
and,329.9149999841308,330.0849999572754,,
toward,330.0849999572754,330.2649999499511,,
the,330.2649999499511,330.3449999267578,,
end,330.3449999267578,330.4850000207519,,
of,330.4850000207519,330.5449999584961,,
this,330.5449999584961,330.76500002929686,,
run,330.76500002929686,330.94500002197265,,
i,330.94500002197265,331.014999979248,,
was,331.014999979248,331.16499991333006,,
out,331.16499991333006,331.2749999487304,,
at,331.2749999487304,331.3549999255371,,
a,331.3549999255371,331.38499998413084,,
bar,331.38499998413084,331.6950000512695,,
one,331.6950000512695,331.89500008300774,,
night,331.89500008300774,332.2450000488281,,
and,332.2450000488281,332.3749999438476,,
i,332.3749999438476,332.4350000610352,,
saw,332.4350000610352,332.8349999450683,,
i,333.5150000170898,333.764999967041,,
came,333.764999967041,334.11499993286134,,
in,334.11499993286134,334.1950000891113,,
i,334.1950000891113,334.25500002685544,,
saw,334.25500002685544,334.4049999609375,,
in,334.4049999609375,334.50499997680663,,
the,334.50499997680663,334.56499991455075,,
corner,334.56499991455075,335.4349999987793,,
angela,336.52499997436524,337.01500003417965,,
from,337.01500003417965,337.26499998413084,,
my,337.26499998413084,337.3950000585937,,
brit,337.3950000585937,337.6650000476073,,
lit,337.6650000476073,337.8550000598144,,
class,337.8550000598144,338.4750000146484,,
drinking,338.7750000622558,339.0849999499511,,
with,339.0849999499511,339.2050000048828,,
some,339.2050000048828,339.36499995849607,,
friends,339.36499995849607,339.8149999401855,,
and,340.2450000622558,340.3849999768066,,
now,340.3849999768066,340.49500001220696,,
angela,340.49500001220696,340.8449999780273,,
and,340.8449999780273,340.9349999743652,,
i,340.9349999743652,341.0550000292968,,
had,341.0550000292968,341.2250000024414,,
been,341.2250000024414,341.5150000305176,,
flirting,341.5749999682617,342.06500002807616,,
for,342.06500002807616,342.24500002075195,,
two,342.24500002075195,342.4350000329589,,
months,342.4350000329589,342.87499999511715,,
or,343.8749999743652,344.1850000415039,,
i,344.8549999145507,345.0150000476074,,
had,345.0150000476074,345.17500000122067,,
been,345.17500000122067,345.334999954834,,
flirting,345.334999954834,345.81499999511715,,
with,345.81499999511715,345.92500003051754,,
her,345.92500003051754,346.34499995361324,,
and,347.7149999377441,347.9149999694824,,
with,347.9149999694824,348.0250000048828,,
such,348.0250000048828,348.4350000878906,,
nuance,348.695000057373,349.3450000708008,,
that,349.3450000708008,349.5449999230957,,
there,349.65499995849603,349.81499991210933,,
was,349.81499991210933,349.9650000256347,,
a,349.9650000256347,350.00499992431634,,
question,350.00499992431634,350.42500002685546,,
about,350.42500002685546,350.6549999377441,,
whether,350.6549999377441,350.8349999304199,,
she,350.8349999304199,351.04499998168944,,
knew,351.04499998168944,351.27500007202144,,
i,351.27500007202144,351.4250000061035,,
existed,351.4250000061035,351.9950000427246,1.0,0.1756097560975609
so,354.39500006469723,354.5850000769043,,
i,354.5850000769043,354.8450000463867,,
i,354.8450000463867,354.9749999414062,,
saw,354.9749999414062,355.23499991088863,,
her,355.23499991088863,355.3750000048828,,
there,355.3750000048828,355.5650000170898,,
and,355.5650000170898,355.6550000134277,,
made,355.6550000134277,355.8049999475097,,
a,355.8049999475097,355.8350000061035,,
mental,355.8350000061035,356.13500005371094,,
note,356.13500005371094,356.38500000366207,,
to,356.38500000366207,356.51500007812496,,
do,356.51500007812496,356.67500003173825,,
nothing,356.67500003173825,356.99499993896484,,
about,356.99499993896484,357.27499994750974,,
it,357.27499994750974,357.36499994384764,,
and,358.9549999987793,359.0449999951172,,
then,359.0449999951172,359.1550000305176,,
i,359.1550000305176,359.2149999682617,,
went,359.2149999682617,359.39499996093747,,
to,359.39499996093747,359.47499993774414,,
the,359.47499993774414,359.54500007446285,,
bar,359.54500007446285,360.01499991577145,,
to,361.1549999890136,361.3149999426269,,
buy,361.3149999426269,361.4949999353027,,
a,361.4949999353027,361.5249999938965,,
round,361.5249999938965,361.93500007690426,,
and,362.6049999499512,362.8450000598144,,
i,362.6049999499512,362.7949999621582,,
felt,362.7949999621582,363.03500007202143,,
a,363.03500007202143,363.0749999707031,,
tap,363.0749999707031,363.4249999365234,,
on,363.4249999365234,363.4950000732421,,
my,363.4950000732421,363.5850000695801,,
shoulder,363.5850000695801,364.1050000085449,,
and,365.444999934082,365.57500000854486,,
it,365.57500000854486,365.634999946289,,
was,365.634999946289,365.7750000402832,,
her,365.7850000598144,366.3250000378418,,
and,367.4450000720215,367.5549999279785,,
she,367.5549999279785,367.6649999633789,,
said,367.6649999633789,368.08500006591794,,
jim,369.3949999328613,369.62500002319337,,
we,369.62500002319337,369.7949999963378,,
were,369.7949999963378,369.9250000708008,,
just,369.9250000708008,370.1449999621582,,
talking,370.1449999621582,370.4249999707031,,
about,370.4249999707031,370.62500000244137,,
how,370.62500000244137,370.8049999951172,,
you,370.8049999951172,371.215000078125,,
always,371.215000078125,371.77499991577145,,
seem,371.77499991577145,372.1150000415039,,
to,372.1150000415039,372.2649999755859,,
know,372.2649999755859,372.9949999658203,,
when,372.9949999658203,373.7550000146484,,
and,374.0049999645996,374.16499991821286,,
where,374.16499991821286,374.6649999975586,,
pie,374.6649999975586,375.0249999829101,,
man,375.0249999829101,375.26499991333,,
will,375.26499991333,375.3949999877929,,
strike,375.3949999877929,375.98500006347655,,
and,376.9750000231933,377.3149999694824,,
we,377.3149999694824,377.584999958496,,
were,377.584999958496,377.7350000720214,,
wondering,377.7350000720214,378.3450000073242,,
are,379.4149999438477,379.565000057373,,
you,379.565000057373,380.1749999926757,,
pie,380.334999946289,380.6349999938964,,
man,380.6349999938964,380.994999979248,1.0,0.3170731707317073
and,383.8050000842285,383.92499995971673,,
i,383.92499995971673,384.024999975586,,
knew,384.024999975586,384.4849999768066,,
by,384.4849999768066,384.6449999304199,,
the,384.6449999304199,384.7349999267578,,
way,384.7349999267578,384.8950000598144,,
she,384.8950000598144,385.0550000134277,,
said,385.0550000134277,385.33500002197263,,
it,385.33500002197263,385.445000057373,,
i,385.445000057373,385.5849999719238,,
knew,385.5849999719238,386.1349999694824,,
that,386.9749999951172,387.0850000305176,,
if,387.0850000305176,387.1850000463867,,
i,387.1850000463867,387.2950000817871,,
said,387.2950000817871,387.53500001220704,,
yes,387.53500001220704,387.94499991577146,,
she,387.94499991577146,388.1250000878906,,
would,388.1250000878906,388.24499996337886,,
have,388.24499996337886,388.37500003784174,,
sex,388.37500003784174,388.7949999609375,,
with,388.7949999609375,388.9350000549316,,
me,388.9350000549316,389.1350000866699,,
and,392.0650000671386,392.4050000134277,,
wasnt,392.4050000134277,393.12499998413085,,
i,393.12499998413085,393.3949999731445,,
really,393.51500002807614,393.9449999707031,,
pie,393.9449999707031,394.265000057373,,
man,394.265000057373,394.8150000549316,,
for,398.50500008422847,398.9849999450684,,
having,398.9849999450684,399.3749999890137,,
brought,399.3749999890137,399.7550000134277,,
him,399.7550000134277,399.9249999865722,,
into,399.9249999865722,400.1749999365234,,
being,400.1749999365234,400.8349999694824,,
didnt,401.0249999816894,401.2149999938964,,
she,401.2149999938964,401.4350000646973,,
only,401.4350000646973,401.72499991333007,,
know,401.72499991333007,402.0249999609375,,
about,402.0249999609375,402.3450000476074,,
him,402.3450000476074,402.4350000439453,,
through,402.4350000439453,402.7250000720215,,
me,402.7250000720215,403.33500000732414,,
but,404.7749999487304,405.2349999499512,,
she,405.175000012207,405.42499996215815,,
had,405.42499996215815,405.5249999780273,,
asked,405.5249999780273,405.8150000061035,,
me,405.8150000061035,405.8949999829101,,
a,405.8949999829101,405.92500004150384,,
straightforward,405.92500004150384,406.5550000158691,,
question,406.5550000158691,407.0749999548339,,
that,407.59500007324215,407.73499998779295,,
came,407.73499998779295,407.9450000390625,,
with,407.9450000390625,408.0649999145508,,
a,408.0649999145508,408.0949999731445,,
straightforward,408.0949999731445,408.6950000683593,,
answer,408.775000045166,409.0550000537109,,
in,409.0550000537109,409.1350000305175,,
fact,409.1350000305175,409.5950000317383,,
i,410.1750000878906,410.30499998291015,,
wasnt,410.30499998291015,410.7950000427246,,
pie,410.7950000427246,411.0249999536133,,
man,411.0249999536133,411.5150000134277,,
as,411.57499995117183,411.7549999438476,,
far,411.7549999438476,411.9150000769043,,
as,411.9150000769043,412.01499991333,,
i,412.01499991333,412.0750000305175,,
knew,412.0750000305175,412.2249999645996,,
i,412.2249999645996,412.2949999218749,,
had,412.2949999218749,412.4550000549316,,
never,412.4550000549316,412.8749999780273,,
seen,413.10500006835935,413.5249999914551,,
the,413.5249999914551,413.5949999487305,,
guy,413.5949999487305,414.03499991088864,,
out,414.2549999816894,414.4149999353027,,
of,414.4149999353027,414.4850000720214,,
costume,414.51499995117183,415.125000065918,,
so,416.1649999438477,416.35499995605466,,
i,416.35499995605466,416.4549999719238,,
looked,416.4549999719238,416.69500008178704,,
at,416.69500008178704,416.7550000195312,,
her,416.7550000195312,416.8349999963378,,
and,416.91499997314446,417.084999946289,,
i,416.9249999926757,417.0049999694824,,
said,417.0049999694824,417.4349999121093,,
yes,419.6549999414062,420.1750000598144,,
angela,420.1750000598144,420.5949999829101,,
i,421.535000024414,421.7350000561523,,
am,421.7350000561523,421.9749999865722,,
pie,421.9749999865722,422.2650000146484,,
man,422.2650000146484,422.6149999804687,1.0,0.2536585365853658
and,424.945000045166,425.0550000805664,,
she,425.0550000805664,425.17499995605465,,
said,425.17499995605465,425.4150000659179,,
oh,425.4150000659179,425.5449999609375,,
good,425.5449999609375,425.9750000830078,,
now,426.8550000073242,426.9450000036621,,
buy,426.9450000036621,427.2450000512695,,
me,427.2450000512695,427.5350000793457,,
a,427.3849999658202,427.60500003662105,,
beer,427.505000020752,427.82499992797847,,
and,428.30499996826165,428.7949998486328,,
tell,428.5949999963378,428.90500006347656,,
me,428.8549999658203,428.9450001416015,,
all,428.9449999621582,429.2049999316406,,
about,429.1049999157714,429.52500001831055,,
it,429.3249999865722,430.8849999829101,,
